{
  "network_slicing": {
    "total_bandwidth_mbps": 100.0,
    "slices": {
      "priority": {
        "name": "Priority",
        "priority": 3,
        "bandwidth_percent": 50.0,
        "bandwidth_mbps": 50.0,
        "latency_target_ms": 50.0,
        "description": "Online classes, video calls, real-time communication"
      },
      "normal": {
        "name": "Normal",
        "priority": 2,
        "bandwidth_percent": 35.0,
        "bandwidth_mbps": 35.0,
        "latency_target_ms": 100.0,
        "description": "General web browsing, moderate data usage"
      },
      "background": {
        "name": "Background",
        "priority": 1,
        "bandwidth_percent": 15.0,
        "bandwidth_mbps": 15.0,
        "latency_target_ms": 200.0,
        "description": "Software updates, bulk downloads, non-urgent activities"
      }
    }
  },
  "qos_rules": [
    {
      "rule_id": "priority_ports",
      "slice": "priority",
      "type": "port",
      "ports": [
        5060,
        5061,
        5004,
        5005,
        8080,
        3478,
        3479,
        8801,
        8802,
        8803
      ],
      "priority": 3
    },
    {
      "rule_id": "normal_ports",
      "slice": "normal",
      "type": "port",
      "ports": [
        80,
        554,
        443,
        1935
      ],
      "priority": 2
    },
    {
      "rule_id": "background_ports",
      "slice": "background",
      "type": "port",
      "ports": [
        21,
        53,
        22,
        873,
        123,
        445,
        25
      ],
      "priority": 1
    }
  ],
  "application_mapping": {
    "priority": [
      "zoom",
      "zoom.exe",
      "teams",
      "msteams.exe",
      "skype",
      "skype.exe",
      "webex",
      "webexmta.exe",
      "gotomeeting",
      "google meet",
      "meet.google.com"
    ],
    "normal": [
      "chrome",
      "chrome.exe",
      "firefox",
      "firefox.exe",
      "edge",
      "msedge.exe",
      "youtube",
      "netflix",
      "spotify"
    ],
    "background": [
      "windows update",
      "wuauclt.exe",
      "svchost.exe",
      "steam",
      "steam.exe",
      "torrent",
      "utorrent"
    ]
  }
}